Marka,Parfüm,Cinsiyet,Mevsim,Üst Nota,Orta Nota,Alt Nota
Abercrombie & Fitch,Fierce,Erkek,4 Mevsim,Köknar; Limon; Portakal; Petitgrain; Deniz Notaları; Kakule,Biberiye; İnci Çiçeği; Yasemin; Adaçayı; Gül,Misk; Vetiver; Meşe Yosunu; Brezilya Gül Ağacı; Sandal Ağacı
Amouage,Interlude Man,Erkek,Kışlık,Organik Oregano; Karabiber; Bergamot,Tütsü; Opoponaks; Kehribar; Labdanum,Ağaç Reçinesi (Oud); Deri; Sandal Ağacı; Paçuli
Amouage,Reflection Man,Erkek,Yazlık,Biberiye; Pembe Biber; Petitgrain,Yasemin; Neroli; Süsen Kökü; Ylang-Ylang,Sandal Ağacı; Sedir; Vetiver; Paçuli
Azzaro,Wanted,Erkek,4 Mevsim,Limon; Zencefil; Lavanta; Nane,Elma; Guatemela Kakulesi; Ardıç; Sardunya,Tonka Fasulyesi; Amber Ağacı; Haiti Vetiveri
Azzaro,The Most Wanted,Erkek,Kışlık,Kakule,Toffee (Karamelize Şeker),Amber Ağacı
BDK Parfums,Rouge Smoking,Unisex,4 Mevsim,Kiraz; Pembe Biber; Bergamot,Siyah Vanilya Kabuğu; Heliotrop; Portakal Çiçeği,Tonka Fasulyesi; Kaşmir Ağacı; Beyaz Misk; Ambroksan; Menekşe; Labdanum
Bond No. 9,New York Nights,Unisex,Kışlık,Gardenya; Karanfil; Yasemin,Paçuli; Çiçek Buketi; Sandal Ağacı; Deniz Notaları,Karamel; Kahve
Bond No. 9,New York Amber,Unisex,Kışlık,Kehribar; Gül; Safran; Mür; Sandal Ağacı; Benzoin; Uzun Ömürlü Reçineler; Misk; Karabiber; Bergamot; Yasemin,—,—
Burberry,Goddess,Kadın,Kışlık,Vanilya; Lavanta; Kakao; Zencefil,Vanilya Havyarı,Vanilya Absolüsü
Burberry,Hero,Erkek,4 Mevsim,Bergamot,Ardıç; Karabiber,Atlas Sediri; Virginia Sediri; Himalaya Sediri
Burberry,Her,Kadın,Yazlık,Çilek; Ahududu; Böğürtlen; Vişne; Frenk Üzümü; Mandalina; Limon,Menekşe; Yasemin,Misk; Vanilya; Kaşmir Ağacı; Odunsu Notalar; Amber; Meşe Yosunu; Paçuli
Burberry,My Burberry,Kadın,4 Mevsim,Tatlı Bezelye; Bergamot; Mandalina; Greyfurt,Ayva; Fesleğen; Sardunya; Şeftali; Yeşil Notalar; Gardenya; Çarkıfelek Çiçeği,Damask Gülü; Gül; Paçuli; Misk; Menekşe; Deri
Bvlgari,Aqva Pour Homme,Erkek,Yazlık,Mandalina; Portakal; Petitgrain,Deniz Yosunu; Lavanta; Pamuk Çiçeği,Virginia Sediri; Odunsu Notalar; Paçuli; Adaçayı; Amber
Bvlgari,Man in Black,Erkek,Kışlık,Baharatlar; Rom; Tütün,Deri; İris; Sümbülteber,Tonka Fasulyesi; Guaiac Ağacı; Benzoin (Benzoe Reçinesi)
Bvlgari,Tygar Le Gemme,Erkek,Yazlık,Greyfurt,Zencefil; Amber Çekirdeği,Ambroksan; Misk; Vetiver; Paçuli
Byredo,Blanche,Kadın,Yazlık,Aldehitler; Gül; Pembe Biber,Şakayık; Menekşe; Afrika Portakal Çiçeği,Misk; Odunsu Notalar; Sandal Ağacı
Calvin Klein,Euphoria,Kadın,4 Mevsim,Nar; Trabzon Hurması; Yeşil Notalar,Siyah Orkide; Lotus,Maun Ağacı; Amber; Mor Menekşe; Kremamsı Notalar
Carolina Herrera,212 Men,Erkek,Yazlık,Yeşil Notalar; Greyfurt; Baharatlar; Bergamot; Lavanta; Petitgrain,Zencefil; Menekşe; Gardenya; Adaçayı,Misk; Sandal Ağacı; Tütsü; Vetiver; Guaiac Ağacı; Labdanum
Carolina Herrera,Good Girl,Kadın,Kışlık,Badem; Kahve; Bergamot; Limon,Sümbülteber; Yasemin Sambac; Portakal Çiçeği; Bulgar Gülü; Süsen (Orris),Tonka Fasulyesi; Kakao; Vanilya; Pralin; Sandal Ağacı; Misk; Amber; Kaşmir Ağacı; Paçuli; Tarçın; Sedir
Carolina Herrera,Bad Boy,Erkek,4 Mevsim,Beyaz Biber; Bergamot; Pembe Biber,Sedir; Adaçayı,Tonka Fasulyesi; Kakao
Carolina Herrera,Very Good Girl,Kadın,Yazlık,Leçi; Kırmızı Frenk Üzümü,Gül,Vanilya; Vetiver
Chanel,Bleu De Chanel,Erkek,4 Mevsim,Greyfurt; Limon; Nane; Pembe Biber,Zencefil; Hindistan Cevizi; Yasemin; Iso E Super,Tütsü; Vetiver; Sedir; Sandal Ağacı; Paçuli; Labdanum; Beyaz Misk
Chanel,No:5 EDP,Kadın,Kışlık,Aldehitler; Ylang-Ylang; Neroli; Bergamot; Limon,İris; Yasemin; Gül; Süsen Kökü; İnci Çiçeği,Misk; Sandal Ağacı; Amber; Meşe Yosunu; Vetiver; Vanilya; Paçuli; Kehribar
Chanel,Coco Mademoiselle,Kadın,4 Mevsim,Portakal; Mandalina; Bergamot; Portakal Çiçeği,Türk Gülü; Yasemin; Mimoza; Ylang-Ylang,Paçuli; Beyaz Misk; Vanilya; Vetiver; Tonka Fasulyesi; Opoponaks
Chanel,Chance,Kadın,Yazlık,Pembe Biber,Yasemin; İris,Paçuli; Misk; Vanilya
Chanel,Allure Homme Sport,Erkek,Yazlık,Portakal; Deniz Notaları; Aldehitler; Karabiber,Neroli; Sedir,Tonka Fasulyesi; Kehribar; Vetiver; Beyaz Misk
Clive Christian,X,Erkek,Kışlık,Ravent; Ananas; Bergamot; İris; Yasemin; Sedir; Tarçın; Meşe Yosunu,Vetiver; Vanilya; Labdanum,
Clive Christian,No. 1,Erkek,Kışlık,Hindistan Cevizi; Bergamot; Portakal; Ylang-Ylang,Yasemin,Sandal Ağacı; Vanilya; Tonka Fasulyesi; Vetiver
Creed,Viking,Erkek,Kışlık,Pembe Biber; Nane; Bergamot; Limon,Lavanta; Karanfil; Gül,Vetiver; Sedir; Tonka Fasulyesi
Creed,Aventus,Erkek,4 Mevsim,Bergamot; Siyah Frenk Üzümü; Elma; Ananas,Yasemin; Paçuli,Misk; Meşe Yosunu; Sedir; Ambroksan
Creed,Absolu Aventus,Erkek,4 Mevsim,Bergamot; Ananas; Siyah Frenk Üzümü; Yeşil Elma,Gül; Paçuli,Misk; Ambroksan; Meşe Yosunu; Sedir
Creed,Virgin Island Water,Unisex,Yazlık,Lime; Hindistan Cevizi; Beyaz Bergamot; Mandalina,Zencefil; Ylang-Ylang; Hint Yasemini,Misk; Şeker Kamışı; Rum
Dior,Sauvage Elixir,Erkek,Kışlık,Tarçın; Hindistan Cevizi; Greyfurt; Kakule,Lavanta,Amber; Paçuli; Sandal Ağacı; Licorice; Vetiver
Dior,Sauvage,Erkek,4 Mevsim,Bergamot; Karabiber,Lavanta; Pembe Biber; Paçuli; Vetiver,Ambroksan; Sedir; Labdanum
Dior,Hypnotic Poison,Kadın,Kışlık,Kakule; Kırmızı Meyveler; Erik; Hindistan Cevizi; Kayısı,Tuberose; Portakal Çiçeği; Yasemin; Sümbülteber,Badam; Vanilya; Sandal Ağacı; Misk
Dior,J'adore,Kadın,Yazlık,Ylang-Ylang; Şeftali; Bergamot; Armut,İris; Yasemin; Sümbülteber; Gül; Menekşe,Misk; Vanilya; Sedir; Siyah Frenk Üzümü
Dior,Home Intense,Erkek,Kışlık,Lavanta,Süsen (Iris); Armut; Misk; Amber; Kakao,Vetiver; Sedir
Dior,Fahrenheit,Erkek,Kışlık,Mandalina; Lavanta; Alkanet; Gül; Alıç; Kimin; Limon; Hindistan Cevizi,Sandal Ağacı; Menekşe; Yasemin; Sedir; Zambak; Odunsu Notalar,Misk; Kehribar; Paçuli; Deri
Dior,Addict,Kadın,Kışlık,Mandarin; İpek Ağacı Çiçeği; Bergamot,Kraliçe Çiçeği; Gül; Portakal Çiçeği,Sandal Ağacı; Vanilya; Tonka Fasulyesi
Dior,Poison Girl,Kadın,Kışlık,Acı Portakal; Limon; ,Gül; Portakal Çiçeği,Vanilya; Badem; Tonka Fasulyesi; Sandal Ağacı; Heliotrop; Kaşmir Ağacı
Dolce & Gabbana,The One For Men,Erkek,Kışlık,Greyfurt; Kişniş; Fesleğen,Zencefil; Portakal Çiçeği; Kardelen,Tütün; Amber; Sedir
Dolce & Gabbana,Light Blue,Kadın,Yazlık,Sicilya Limonu; Elma; Sedir; Çan Çiçeği,Bambu; Yasemin; Beyaz Gül,Sedir; Misk; Amber
Emporio Armani,Stronger With You,Erkek,4 Mevsim,Kardamon; Pembe Biber; Nane,Lavanta; Ananas; Tarçın,Kestane; Vanilya; Sediroks; Kaşmir Ağacı
Emporio Armani,Stronger With You Absolutely,Erkek,Kışlık,Greyfurt; Elemi; Rum,Davulu Ağaç; Labdanum; Lavanta; Kestane,Vanilya; Paçuli; Sedir; Amber
Emporio Armani,Stronger With You Intensely,Erkek,4 Mevsim,Biberiye; Lavanta; Menekşe Kabuğu,Kakao; Adaçayı,Aromatik Reçineler; Vanilya; Tonka Fasulyesi; Amber
Essential Parfums,Bois Imperial,Unisex,4 Mevsim,Biber; Paçuli; Vetiver; Greyfurt,Sedir; Iso E Super,Kephalis; Amber; Misk
Ex Nihilo,Fleur Narcotique,Unisex,4 Mevsim,Bergamot; Liçi; Şeftali,Jasmine; Şakayık; Portakal Çiçeği,Misk; Odunsu Notalar
Frederic Malle,Musc Ravageur,Unisex,Kışlık,Lavanta; Bergamot; Mandalina,Tarçın; Karanfil; Tonka; Amber; Sandal Ağacı,Misk; Vanilya
Frederic Malle,Portrait Of A Lady,Kadın,Kışlık,Gül; Ahududu; Siyah Frenk Üzümü; Tarçın,Paçuli; Tütsü; Sandal Ağacı,Misk; Amber; Benzoin
Giorgio Armani,Acqua Di Gio Profumo,Erkek,4 Mevsim,Deniz Notaları; Bergamot,Öd; Biber; Biberiye,Paçuli; Tütsü
Giorgio Armani,Code,Erkek,Kışlık,Bergamot; Limon; Lavanta,Yıldız Anasonu; Zambak; Guaiac Ağacı,Tonka Fasulyesi; Deri; Tütün
Giorgio Armani,My Way,Kadın,4 Mevsim,Bergamot; Portakal Çiçeği,Tuberose; Yasemin,Vanilya; Misk; Sedir
Giorgio Armani,Si,Kadın,4 Mevsim,Siyah Frenk Üzümü,Frangipani; Gül; Menekşe,Paçuli; Vanilya; Misk; Amber
Giorgio Armani,Code Profumo,Erkek,Kışlık,Kakule; Yeşil Mandalina; Elma,Portakal Çiçeği; Lavanta,Tonka Fasulyesi; Amber; Deri
Givenchy,Gentleman,Erkek,Kışlık,Armut; Kırmızı Biber,İris; Lavanta,Paçuli; Siyah Vanilya; Balzamlar
Givenchy,Gentleman Society EDP,Erkek,4 Mevsim,Aromatik Notalar; Kakule,Geranium; Lavanta; Adaçayı,Paçuli; Vanilya; Sandal Ağacı
Guerlain,L’Homme Ideal,Erkek,4 Mevsim,Badem; Bergamot; Biber,Kiraz; Vanilya; Paçuli; Gül,Sandal Ağacı; Tütün; Tonka Fasulyesi
Gucci,Guilty Intense,Kadın,4 Mevsim,Mandalina; Litchi; Menekşe; Limon,Yarrow; Yasemin; Portakal Çiçeği,Paçuli; Amber; Vetiver
Gucci,Guilty Elixir,Erkek,Kışlık,Biber; Bergamot,Tonka; Portakal Çiçeği,Sandal Ağacı; Amber; Paçuli
Gucci,Bloom,Kadın,Yazlık,Jasminum Sambac; Sümbülteber; Sarmaşık Notaları,—,— (Tek nota ağırlıklı çiçek buketi)
Gucci,Oud Intense,Unisex,Kışlık,Tütsü; Ahududu; Safran; Armut,Demask Gülü; Misk; Portakal Çiçeği,Agarwood (Ud); Deri; Paçuli; Ambergris
Gucci,Flora Gorgeous Gardenia 2021,Kadın,Yazlık,Armut Çiçeği; Kırmızı Meyveler; Mandalina; Jasmine Gardenia,Gardenia; Frangipani,Paçuli; Şekerli Misk
Hermes,Terre D'Hermes,Erkek,4 Mevsim,Portakal; Greyfurt,Karabiber; Pembe Biber; Çakmak Taşı,Vetiver; Sedir; Paçuli; Benzoin
Hermes,Barenia,Kadın,Kışlık,Bergamot; Biberiye; Menekşe,Deri; Yasemin; Gül,Amber; Kehribar; Sandal Ağacı
Hugo Boss,Boss The Scent For Her,Kadın,4 Mevsim,Şeftali; Bal; Freesia,Osmanthus,Misk; Odunsu Notalar
Hugo Boss,Bottled Night,Erkek,Kışlık,Lavanta; Menekşe,Laural; Odunsu Notalar,Sedir; Misk
Hugo Boss,Hugo Boss EDT ( Matara ),Erkek,Yazlık,Elma; Nane; Greyfurt; Fesleğen; Lavanta,Sedir; Karabiber; Kakule; Tarçın,Vetiver; Sandal Ağacı; Misk
Initio,Oud For Greatness,Unisex,Kışlık,Lavanta; Safran; Muskat,Kehribar; Agarwood (Ud),Paçuli; Misk
Initio,Rehab,Unisex,4 Mevsim,Lavanta; Bergamot,Tütün; Misk; Amber,Sandal Ağacı; Paçuli
Initio,Side Effect,Unisex,Kışlık,Üzüm; Rum; Kakule; Tarçın,Tütün; Safran,Vanilya; Sandal Ağacı; Amber
Initio,Musk Therapy,Unisex,4 Mevsim,Bergamot; Mandalina,Beyaz Misk; Siyah Frenk Üzümü; Neroli,Sandal Ağacı; Amber
Initio,Absolute Aphrodisiac,Unisex,Kışlık,Kehribar; Vanilya,Balsamik Notalar; Misk,Derin Reçineler; Hayvansal Notalar
Initio,Atomic Rose,Unisex,4 Mevsim,Bergamot; Hedione,Gül; Türk Gülü; Misk,Vanilya; Amber; Odunsu Notalar
Jean Paul Gaultier,Le Male Elixir,Erkek,Kışlık,Mint; Tarçın; Lavanta,Ardıç; Odunsu Notalar,Vanilya; Amber; Tonka Fasulyesi
Jean Paul Gaultier,Ultra Male,Erkek,Kışlık,Armut; Lavanta; Nane; Bergamot; Limon,Tarçın; Adaçayı; Kimyon,Vanilya Kabuğu; Amber; Paçuli; Sedir
Jean Paul Gaultier,Le Male Le Parfum,Erkek,Kışlık,Egzotik Kardamom; Lavanta; Narenciye,İris; Vanilya,Kara Odun; Amber; Sedir
Jean Paul Gaultier,Scandal Pour Homme,Erkek,Kışlık,Bergamot; Adaçayı,Orta Şekerli Karamel,Tonka Fasulyesi; Vetiver; Sedir
Jean Paul Gaultier,Le Beau Le Parfum,Erkek,Yazlık,Hindistan Cevizi; Bergamot; Davana,Amber; Tonka Fasulyesi; Sandal Ağacı,Vanilya; Misk
Jean Paul Gaultier,Le Beau Paradise Garden,Erkek,Yazlık,Yeşil Notalar; Bergamot; Nane,Hindistan Cevizi; Tonka; Amber,Sandal Ağacı; Misk
Kayali,Yum Pistachio Gelato 33,Unisex,Kışlık,Fıstık; Bergamot; Buzlu Fındık; Rom,Beyaz Çiçekler; Yumuşak Dondurma Notası,Sandal Ağacı; Vanilya; Misk
Kayali,Vanilla Candy Rock Sugar 42,Kadın,4 Mevsim,Bergamot; Çilek; Vanilya Şekeri,Şakayık; Gardenya,Vanilya; Misk; Amber
Kayali,Vanilla 28,Unisex,4 Mevsim,Vanilya; Tonka Fasulyesi; Siyah Amber,—,Benzoin; Misk; Kahverengi Şeker
Killian,Angel's Share,Unisex,Kışlık,Konyak,Tarçın; Tonka Fasulyesi; Meşe; Hedione,Vanilya; Pralin; Sandal Ağacı; Şekerli Badem
Killian,Straight To Heaven Extreme,Unisex,Kışlık,Rom,Virjinya Sediri; Paçuli; Kuru Meyveler; Vanilya,Misk; Amber; Yasemin
Killian,Love Don't Be Shy Extreme,Kadın,Kışlık,Neroli; Bergamot,Portakal Çiçeği; Bulgar Gülü,Marshmallow; Vanilya; Misk; Nar
Killian,Good Girl Gone Bad,Kadın,4 Mevsim,Osmanthus; Şeftali; Neroli; Bergamot; Mandalina; Tarçın,Sümbülteber; Yasemin; Nergis; Mayıs Gülü,Amber; Sedir; Sandal Ağacı; Paçuli; Vetiver
Killian,Black Phantom,Unisex,Kışlık,Rom,Bitter Çikolata; Kahve; Badem; Heliotrop,Karamel; Şeker Kamışı; Sandal Ağacı; Vanilya; Tonka; Vetiver
Killian,Smoking Hot,Unisex,Kışlık,Elma; Duman; Tarçın,Tütün; Vanilya; Yosun,Bourbon Vanilyası; Meyan Kökü; Orcanox; Iso E Super; Adaçayı
Lancome,La Vie Est Belle,Kadın,Kışlık,Siyah Frenk Üzümü; Armut,İris; Yasemin; Portakal Çiçeği,Pralin; Vanilya; Paçuli; Tonka Fasulyesi
Lancome,Tresor,Kadın,Kışlık,Şeftali; Gül; Kayısı Çiçeği; Leylak; Ananas; İnci Çiçeği; Bergamot,Gül; İris; Heliotrop; Yasemin,Şeftali; Kayısı; Sandal Ağacı; Vanilya; Amber; Misk
Lancome,La Nuit Tresor,Kadın,Kışlık,Armut; Mandalina; Bergamot,Çilek; Vanilya Orkidesi; Siyah Gül; Tutku Meyvesi,Paçuli; Pralin; Ambergris; Vetiver; Sedir
Lancome,Idole Le Parfum,Kadın,4 Mevsim,Armut; Bergamot; Pembe Biber,Gül; Yasemin,Beyaz Misk; Vanilya; Paçuli; Sedir
Lattafa,Khamrah Klasik,Unisex,Kışlık,Tarçın; Hindistan Cevizi; Bergamot,Hurma; Pralin; Sümbülteber; Mahonial,Vanilya; Tonka Fasulyesi; Amberwood; Mür; Benzoin; Akigalawood
Le Labo,Santal 33,Unisex,4 Mevsim,Sandal Ağacı; Deri; Papirüs; Virginia Sediri,Kakule; Menekşe; İris,Amber
Louis Vuitton,Imagination,Erkek,Yazlık,Limon; Bergamot; Portakal,Neroli; Zencefil; Tarçın,Siyah Çay; Ambroksan; Guaiac Ağacı; Olibanum
Louis Vuitton,Afternoon Swim,Unisex,Yazlık,Mandalina; Portakal; Bergamot,—,Ambergris; Zencefil
Louis Vuitton,Ombre Nomade,Unisex,Kışlık,Agarwood (Ud); Tütsü; Gül,Ahududu; Amberwood; Safran,Benzoin; Meşe; Geranium
Louis Vuitton,L'immensite,Erkek,4 Mevsim,Greyfurt; Zencefil; Bergamot,Su Notaları; Biberiye; Adaçayı; Geranium,Ambroksan; Amber; Labdanum
Maison Francis Kurkdijan,Aqua Celestia,Unisex,Yazlık,Lime; Nane; Siyah Frenk Üzümü; Neroli,Yeşil Notalar; Mimoza; Gül,Beyaz Misk
Maison Francis Kurkdjian,Baccarat Rouge 540 Extrait,Unisex,Kışlık,Bitter Badem; Safran,Mısır Yasemini; Virginia Sediri,Ambergris; Odunsu Notalar; Misk; Ambroksan
Maison Francis Kurkdjian,Oud Satin Mood Extrait,Unisex,Kışlık,Menekşe; Geranium; Tarçın; Kakule,Demask Gülü; Türk Gülü,Agarwood (Ud); Vanilya; Amber; Benzoin; Karamel; Misk; Sedir
Maison Francis Kurkdjian,Grand Soir,Unisex,Kışlık,Labdanum; Portakal,Lavanta; Siyan Benzoin,Amber; Vanilya; Tonka Fasulyesi; Misk; Sedir
Mancera,Cedrat Boise,Unisex,4 Mevsim,Limon; Bergamot; Siyah Frenk Üzümü; Baharatlar,Meyve Notaları; Paçuli; Su Yasemini,Cedar; Deri; Sandal Ağacı; Vanilya; Beyaz Misk; Yosun
Mancera,Black Vanille,Unisex,Kışlık,Beyaz Şeftali; Siyah Frenk Üzümü; Hindistan Cevizi; Bergamot,Menekşe; Mısır Yasemini; Bulgar Gülü,Madagaskar Vanilyası; Beyaz Misk
Mancera,Amore Caffe,Unisex,Kışlık,Kahve; Amaretto,Dondurma; Speculoos,Esmer Şeker; Vanilya; Ambergris
Mancera,Hindu Kush,Unisex,4 Mevsim,Tütsü; Baharatlar; Kenevir; Labdanum,Odunsu Notalar; Paçuli,Amber; Guaiac Ağacı; Vanilya; Beyaz Misk
Mancera,Red Tobacco,Unisex,Kışlık,Tarçın; Agarwood (Ud); Tütsü; Safran; Hindistan Cevizi; Yeşil Elma; Beyaz Armut,Paçuli; Yasemin,Tütün; Madagaskar Vanilyası; Amber; Sandal Ağacı; Guaiac Ağacı; Beyaz Misk; Vetiver
Montale,Intense Cafe,Unisex,Kışlık,Çiçek Notaları,Gül; Kahve,Vanilya; Beyaz Misk; Amber
Marc Antoine Barois,Ganymede,Unisex,4 Mevsim,Safran; İtalyan Mandalinası,Çin Osmanthus; Menekşe Yaprağı; Ölmez Çiçek,Mineral Notalar; Süet; Akigalawood; Misk; Sedir; Paçuli
Memo,Ocean Leather,Unisex,Yazlık,Mandalina; Fesleğen; Menekşe,Adaçayı; Elemi; Sedir,Vetiver; Deri; Muskat
Memo,Argentina,Unisex,4 Mevsim,Gül; Türk Gülü; Ambrette; Oud; Pembe Biber,Yasemin Sambac; Mısır Yasemini; Manolya,Cypriol (Nagarmotha)
Memo,African Leather,Unisex,Kışlık,Kakule; Geranium; Pembe Biber,Paçuli; Tarçın; Gül,Deri; Oud; Amber
Memo,Moroccan Leather,Unisex,Kışlık,Zencefil; Mandalina,Ylang-Ylang; Oris Butter; Portakal,Deri; Galbanum; Vetiver; Styrax; Tonka; Ambergris
Memo,Italian Leather,Unisex,Kışlık,Deri; Domates Yaprağı; Vanilya,Domates Yaprağı; Galbanum; Orris; Labdanum; Adaçayı,Deri; Vanilya Özütü; Benzoin; Tolu Balsam; Mür; Opoponax; Sandal Ağacı; Misk
Memo,Marfa,Unisex,4 Mevsim,Şeftali; Mandalina,Sümbülteber; Ylang-Ylang; Portakal Çiçeği,Vanilya Çekirdeği; Misk; Sandal Ağacı; Tonka; Sedir
Memo,Lalibela,Kadın,Kışlık,Yasemin; Frezya; Yeşil Notalar,Gül; Heliotrop; Portakal Çiçeği; Ylang-Ylang,Vanilya; Paçuli; Misk
Narciso Rodriguez,For Her,Kadın,4 Mevsim,Afrika Portakal Çiçeği; Osmanthus; Bergamot,Misk; Amber,Vetiver; Paçuli; Vanilya
Narciso Rodriguez,Pure Musc For Her,Kadın,4 Mevsim,Misk,Yasemin; Portakal Çiçeği; Ylang-Ylang,Kaşmeran
Nishane,Anı,Unisex,Kışlık,Zencefil; Bergamot; Pembe Biber; Yeşil Notalar,Kakule; Siyah Frenk Üzümü; Türk Gülü,Vanilya; Benzoin; Sandal Ağacı; Sedir; Paçuli; Ambergris; Misk
Nishane,Hacivat,Unisex,4 Mevsim,Ananas; Greyfurt; Bergamot,Sedir; Paçuli; Yasemin,Meşe Yosunu; Odunsu Notalar
Nishane,Karagöz,Unisex,4 Mevsim,Üzüm; Ananas; Bitkisel Notalar,Neroli; Paçuli; Yasemin,Vetiver; Oud; Amber
Paco Rabanne,Invictus Platinum,Erkek,Yazlık,Pelin Otu; Greyfurt,Nane; Lavanta,Servi; Paçuli
Paco Rabanne,Invictus Victory,Erkek,Kışlık,Pembe Biber; Limon,Tütsü; Lavanta,Vanilya; Tonka; Amber
Paco Rabanne,Invictus Aqua,Erkek,Yazlık,Yuzu; Greyfurt; Pembe Biber,Deniz Suyu; Menekşe Yaprağı,Ambergris; Amberwood; Guaiac Ağacı
Paco Rabanne,One Million Elixir,Erkek,Kışlık,Elma; Davana,Demask Gülü; Sedir; Osmanthus,Vanilya Özütü; Tonka; Paçuli
Paco Rabanne,Invictus,Erkek,4 Mevsim,Deniz Notaları; Greyfurt; Mandalina,Defne Yaprağı; Yasemin,Ambergris; Guaiac Ağacı; Meşe Yosunu; Paçuli
Paco Rabanne,One Million Lucky,Erkek,4 Mevsim,Erik; Ozanik Notalar; Greyfurt; Bergamot,Fındık; Bal; Sedir; Kaşmeran; Portakal Çiçeği; Yasemin,Amberwood; Paçuli; Vetiver; Meşe Yosunu
Paco Rabanne,Invictus Victory Elixir,Erkek,Kışlık,Lavanta; Kakule; Siyah Biber,Tütsü; Paçuli,Vanilya Çekirdeği; Tonka
Parfums De Marly,Layton,Unisex,4 Mevsim,Elma; Lavanta; Bergamot; Mandalina,Geranium; Menekşe; Yasemin,Vanilya; Kakule; Sandal Ağacı; Biber; Guaiac Ağacı; Paçuli
Parfums De Marly,Delina,Kadın,4 Mevsim,Liçi; Ravent; Bergamot; Hindistan Cevizi,Türk Gülü; Şakayık; Misk; Petalia; Vanilya,Kaşmeran; Tütsü; Sedir; Vetiver
Parfums De Marly,Althair,Erkek,Kışlık,Tarçın; Kakule; Portakal Çiçeği; Bergamot,Bourbon Vanilyası; Elemi,Pralin; Misk; Ambroksan; Guaiac Ağacı; Tonka; Şekerli Badem
Parfums De Marly,Pegasus,Erkek,Kışlık,Heliotrop; Kimyon; Bergamot,Bitter Badem; Lavanta; Yasemin,Vanilya; Sandal Ağacı; Amber
Parfums De Marly,Perseus,Erkek,Yazlık,Greyfurt; Bergamot; Siyah Frenk Üzümü,Vetiver; Yeşil Mandalina; Geranium,Kuru Odunlar; Kaşmir Ağacı; Ambergris; Balsam Köknarı; Sedir; Tonka
Parfums De Marly,Haltane,Erkek,Kışlık,Lavanta; Adaçayı; Bergamot,Safran; Pralin,Oud; Sedir
Penhaligon's,The Tragedy of Lord George,Erkek,Kışlık,Odunsu Notalar; Brendi,Amber; Tonka Fasulyesi,Ağaç Reçineleri
Penhaligon's,Halfeti,Unisex,Kışlık,Servi Yaprağı; Safran; Kakule; Pelin Otu; Bergamot; Greyfurt,Bulgar Gülü; Muskat; Yasemin,Oud; Sedir; Deri; Sandal Ağacı; Amber; Tonka; Vanilya; Misk
Prada,Paradoxe,Kadın,4 Mevsim,Armut; Mandalina; Bergamot,Portakal Çiçeği; Neroli; Yasemin,Bourbon Vanilyası; Amber; Beyaz Misk; Benzoin
Sospiro,Vibrato,Unisex,4 Mevsim,Greyfurt; Bergamot; Yasemin; Manolya,Zencefil; Bitkisel Notalar; Pudralı Notalar,Misk; Sedir; Amber; Paçuli; Orris Kökü
Stephane Humbert Lucas 777,God of Fire,Unisex,Yazlık,Mango; Zencefil; Limon; Kırmızı Meyveler,Kumarin; Yasemin; Sedir,Misk; Oud; Amber; Cypriol (Nagarmotha)
Prada,Luna Rossa,Erkek,4 Mevsim,Lavanta; Acı Portakal,Nane; Adaçayı,Ambrette; Ambroksan
Prada,Luna Rossa Ocean,Erkek,Yazlık,Bergamot; Pembe Biber; Pelin Otu,Lavanta; İris; Adaçayı; Süet; Safran,Misk; Karamel; Haiti Vetiveri; Paçuli
Tiziana Terenzi,Telea,Unisex,Kışlık,Armut; Narenciye; Bulgar Gülü; Alıç,Yasemin; Ylang-Ylang; Heliotrop,Misk; Haiti Vetiveri; Maun Ağacı; Meşe; Kamboçya Oudu
Tiziana Terenzi,Kirke,Unisex,Yazlık,Tutku Meyvesi; Şeftali; Armut; Ahududu; Frenk Üzümü; Kum,Nergis,Misk; Sandal Ağacı; Vanilya; Paçuli; Heliotrop
Tiziana Terenzi,Assoluto Tyl,Unisex,Kışlık,Ozonsu Notalar; Limon; Bergamot; Lavanta,Amber; Yasemin; Gül,Vanilya; Siyah Ağaç; Misk
Tiziana Terenzi,Andromeda,Unisex,4 Mevsim,Ylang-Ylang; Su Yasemini; Bergamot; Çimen,Şeftali; Armut Çiçeği; Zambak; Beyaz Heliotrop; Menekşe Yaprağı,Dereotu Ağacı (Cashmere Wood); Amber; Abanoz; Vanilya; Tonka; Hindistan Cevizi; Şeker
Tom Ford,Fabulous,Unisex,4 Mevsim,Lavanta; Adaçayı,Deri; Acı Badem; Vanilya; Orris,Deri; Tonka; Kaşmeran; Beyaz Ağaçlar; Amber
Tom Ford,Cafe Rose,Unisex,Kışlık,Mayıs Gülü; Safran; Siyah Biber,Türk Gülü; Bulgar Gülü; Kahve,Paçuli; Tütsü; Sandal Ağacı; Amber
Tom Ford,Ombre Leather,Unisex,Kışlık,Kakule,Deri; Yasemin Sambac,Amber; Yosun; Paçuli
Tom Ford,Tuscan Leather,Unisex,Kışlık,Ahududu; Safran; Kekik,Tütsü; Yasemin,Deri; Süet; Odunsu Notalar; Amber
Tom Ford,Noir de Noir,Unisex,Kışlık,Safran,Siyah Gül; Trüf Mantarı; Çiçek Notaları,Paçuli; Vanilya; Oud
Tom Ford,Tobacco Vanille,Unisex,Kışlık,Tütün Yaprağı; Baharatlı Notalar,Vanilya; Kakao; Tonka; Tütün Çiçeği,Kuru Meyveler; Odunsu Notalar
Tom Ford,Bitter Peach,Unisex,4 Mevsim,Şeftali; Kan Portakalı; Kakule; Heliotrop,Rom; Konyak; Davana; Yasemin,Vanilya; Endonezya Paçuli Yaprağı; Tonka; Sandal Ağacı; Benzoin; Kaşmeran; Styrax; Labdanum; Vetiver
Tom Ford,Noir Extreme,Erkek,Kışlık,Kakule; Muskat; Safran; Mandalina; Neroli,Kulfi Tatlısı; Gül; Mastic; Yasemin; Portakal Çiçeği,Vanilya; Amber; Odunsu Notalar; Sandal Ağacı
Tom Ford,Black Orchid,Kadın,Kışlık,Trüf; Gardenya; Frenk Üzümü; Ylang-Ylang; Yasemin; Bergamot; Mandalina; Limon,Orkide; Baharatlar; Meyve Notaları; Ylang-Ylang; Yasemin; Lotus,Meksika Çikolatası; Paçuli; Vanilya; Tütsü; Amber; Sandal Ağacı; Vetiver; Beyaz Misk
Tom Ford,Lost Cherry,Unisex,4 Mevsim,Badem; Siyah Kiraz; Vişne Likörü,Ekşi Kiraz; Erik; Türk Gülü; Yasemin Sambac,Vanilya; Tonka; Tarçın; Peru Balsamı; Sandal Ağacı; Benzoin; Karanfil; Sedir; Paçuli; Vetiver
Tom Ford,Soleil Blanc,Unisex,Yazlık,Fıstık; Bergamot; Kakule; Pembe Biber,Sümbülteber; Ylang-Ylang; Yasemin,Hindistan Cevizi; Amber; Tonka; Benzoin
Tom Ford,Vanilla Sex,Unisex,4 Mevsim,Acı Badem,Vanilya; Çiçek Notaları,Vanilya Özütü; Ultravanil™; Tonka; Sandal Ağacı
Tom Ford,Velvet Orchid,Kadın,Kışlık,Rom; Bal; Mandalina; Bergamot,Siyah Orkide; Orkide; Yasemin; Heliotrop; Sümbül; Gül Yağı; Nergis; Manolya,Vanilya; Mür; Süet; Sandal Ağacı; Peru Balsamı; Labdanum
Tom Ford,Oud Wood,Unisex,4 Mevsim,Oud; Brezilya Gül Ağacı; Kakule,Sandal Ağacı; Sichuan Biberi,Vanilya; Vetiver; Tonka; Amber
Tom Ford,Grey Vetiver,Erkek,4 Mevsim,Greyfurt; Portakal Çiçeği; Adaçayı,Muskat; Orris Kökü; Yeni Bahar,Vetiver; Odunsu Notalar; Meşe Yosunu; Amber
Valentino,Uomo,Erkek,4 Mevsim,Bergamot; Mersin Fındığı (Myrtle),Fındık; Çikolata; Kavrulmuş Kahve Çekirdekleri,Deri; Sedir
Valentino,Born in Roma Uomo,Erkek,4 Mevsim,Mineral Notalar; Menekşe Yaprağı; Tuz,Adaçayı; Zencefil,Odunsu Notalar; Vetiver
Versace,Eros,Erkek,Yazlık,Nane; Yeşil Elma; Limon,Tonka; Ambroksan; Sardunya,Madagaskar Vanilyası; Virginia Sediri; Atlas Sediri; Vetiver; Meşe Yosunu
Versace,Dylan Blue Pour Homme,Erkek,4 Mevsim,Bergamot; Su Notaları; Greyfurt; İncir Yaprağı,Ambroksan; Siyah Biber; Paçuli; Menekşe Yaprağı; Papirüs,Tütsü; Misk; Tonka; Safran
Versace,Bright Crystal,Kadın,Yazlık,Yuzu; Nar; Buz Notaları,Şakayık; Lotus; Manolya,Misk; Maun Ağacı; Kehribar
Versace,Eros Flame,Erkek,Kışlık,Mandalina; Madagaskar Biberi; Limon; Chinotto; Biberiye,Geranyum; Gül; Pepperwood™,Vanilya; Tonka; Sandal Ağacı; Teksas Sediri; Paçuli; Meşe Yosunu
Victoria's Secret,Bombshell,Kadın,Yazlık,Tutku Meyvesi; Greyfurt; Ananas; Mandalina; Çilek,Şakayık; Vanilya Orkidesi; Kırmızı Meyveler; Yasemin; Zambak,Misk; Odunsu Notalar; Meşe Yosunu
Victoria's Secret,Bare Eau De Parfum,Kadın,4 Mevsim,Avustralya Sandal Ağacı; Menekşe; Mandalina,–,–
Victoria's Secret,Bare Vanilla,Kadın,Kışlık,Vanilya; Kaşmeran,–,–
Victoria's Secret,Very Sexy Night,Kadın,Kışlık,İris; Erik,–,–
Viktor&Rolf,Spicebomb,Erkek,Kışlık,Pembe Biber; Elemi; Bergamot; Greyfurt,Tarçın; Paprika; Safran,Tütün; Deri; Vetiver
Xerjoff,Torino21,Unisex,Yazlık,Nane; Limon; Fesleğen; Kekik,Siyah Frenk Üzümü; Lavanta; Biberiye; Yasemin,Misk; Vervein (Mine Çiçeği)
Xerjoff,Erba Pura,Unisex,Yazlık,Sicilya Portakalı; Bergamot; Sicilya Limonu,Meyveler,Beyaz Misk; Madagaskar Vanilyası; Amber
Xerjoff,Erba Gold,Unisex,Yazlık,Brezilya Portakalı; Sicilya Limonu; Kalabriya Bergamotu; Zencefil,Kavun; Armut; Yeşil Elma; Tarçın; Gvatemala Kakulesi; Karanfil,Beyaz Misk; Madagaskar Vanilyası; Amber; Odunsu Notalar
Xerjoff,Alexandria II,Unisex,Kışlık,Palisander Gül Ağacı; Lavanta; Tarçın; Elma,Gül; Sedir; Zambak,Oud; Sandal Ağacı; Amber; Vanilya; Misk
Xerjoff,Alexandria III,Unisex,Kışlık,Lavanta; Palisander Gül Ağacı; Tarçın,Bulgar Gülü; Sedir; Zambak,Laos Oudu; Tayland Oudu; Sandal Ağacı; Amber; Vanilya; Misk
Xerjoff,Naxos XJ 1861,Unisex,Kışlık,Lavanta; Bergamot; Limon,Bal; Tarçın; Kaşmeran; Yasemin,Tütün Yaprağı; Vanilya; Tonka
Xerjoff,Casamorati Lira,Kadın,Kışlık,Kan Portakalı; Bergamot; Lavanta,Tarçın; Yasemin; Gül,Vanilya; Karamel; Misk
Xerjoff,Casamorati Mefisto,Erkek,Yazlık,Greyfurt; Bergamot; Amalfi Limonu,Lavanta; İris; Gül,Misk; Sandal Ağacı; Virginia Sediri; Amber
Xerjoff,More Than Words,Unisex,Kışlık,Oud; Meyve Notaları; Çiçek Notaları; Oryantal Notalar,Ambergris; Odunsu Notalar; Tütsü; Labdanum,
Yves Saint Laurent,Libre,Kadın,4 Mevsim,Lavanta; Mandalina; Frenk Üzümü; Petitgrain,Lavanta; Portakal Çiçeği; Yasemin,Medine Vanilyası; Misk; Sedir; Ambergris
Yves Saint Laurent,La Nuit De L'Homme,Erkek,Kışlık,Kakule,Lavanta; Virginia Sediri; Bergamot,Vetiver; Kimyon
Yves Saint Laurent,Black Opium,Kadın,Kışlık,Armut; Pembe Biber; Portakal Çiçeği,Kahve; Yasemin; Badem; Meyan Kökü,Vanilya; Paçuli; Kaşmeran; Sedir
Yves Saint Laurent,MYSLF,Erkek,4 Mevsim,Kalabriya Bergamotu; Bergamot,Tunus Portakal Çiçeği,Ambrofix™; Paçuli
Yves Saint Laurent,Y Eau De Parfum,Erkek,4 Mevsim,Elma; Zencefil; Bergamot,Adaçayı; Ardıç Meyvesi; Sardunya,Amberwood; Tonka; Sedir; Vetiver; Tütsü
Zadig & Voltaire,This is Her,Kadın,4 Mevsim,Pembe Biber; Yasemin Sambac; İpek Ağacı Çiçeği,Çırpılmış Krema; Vanilya; Kestane,Sandal Ağacı; Kaşmeran